{
  "eyes": [
    {
      "cx": 0.42913021201324897,
      "cy": 0.4449874225182023,
      "rx": 0.046886446886446886,
      "ry": 0.046886446886446886
    },
    {
      "cx": 0.691465567243028,
      "cy": 0.43094271396696504,
      "rx": 0.045787545787545784,
      "ry": 0.044322344322344324
    }
  ]
}